brand,recomend
Acura,recomend
Audi,"НС-синтетическое моторное масло Top Tec 4200 5W-30 https://smartoil96.ru/63750/
Обладает именным допусками для автомобилей концерна VW-Audi с Longlife - сервисом. Также имеет специальные допуска других производителей. Соответствует стандартам EURO 4 и выше. Отлично подходит при использовании природного и сжиженного газа (CNG/LPG).

"
Bentley,recomend
BMW,recomend
Brilliance,recomend
BRP,recomend
Cadillac,recomend
Chevrolet,recomend
Chery,recomend
Chrysler,recomend
Citroen,recomend
Daewoo,recomend
Datsun,recomend
Dodge,recomend
Dongfeng,recomend
FAW,recomend
Fiat,recomend
Ford,recomend
GAZ,recomend
Geely,recomend
Great Wall,recomend
Haval,recomend
Honda,recomend
Hummer,recomend
Hyundai,recomend
Infiniti,recomend
Isuzu,recomend
Jaguar,recomend
KIA,recomend
LADA,recomend
Lancia,recomend
Land Rover,recomend
Lexus,recomend
Lifan,recomend
Mazda,recomend
Mercedes,recomend
Mini,recomend
Mitsubishi,recomend
Nissan,recomend
Opel,recomend
Peugeot,recomend
Porsche,recomend
Ravon,recomend
Renault,recomend
SEAT,recomend
Skoda,recomend
Smart,recomend
SsangYong,recomend
Subaru,recomend
Suzuki,recomend
Toyota,recomend
UAZ,recomend
Volkswagen,recomend
Volvo,recomend
Zotye,recomend
